Timestamp,age,constumption method,listening regularity,song amount month,song consistency,new discovery freq,discovery methods,similar music taste,connect with others,listen together method,listen together freq,share freq,share method,streaming platform,social features use,extra
2142025 12:37:07,,"Streaming platforms - Spotify; Apple Music; Yandex Music and others|Downloaded files",Everyday,1000+,Mostly,"Pretty often; every week or so","From people I know|Non-specialized online platforms - Instagram; TikTok; Youtube(videos); etc|Specialized online platforms - Rate Your Music; Pitchfork; Wire; etc|Games; movies; other forms of digital content",No,Yes,"At parties; when I'm visiting someone; in a car|Concerts; clubs; street performances","Often; a couple of times a month","Very often; every week or so","Online; sending links from streaming platforms via messengers|Offline; in a car; at someone's place etc","Spotify|VK Music|SoundCloud|Bandcamp|Youtube Music",I would use these features often,бас в девяточку литую
2142025 12:40:42,,"Streaming platforms - Spotify; Apple Music; Yandex Music and others",Everyday,100-500,Mostly,"Pretty often; every week or so","From people I know|Non-specialized online platforms - Instagram; TikTok; Youtube(videos); etc",Yes,"No; I already have enough people around me with whom I can share the music I like","At parties; when I'm visiting someone; in a car|Online via Spotify Jam|Discord bots and other similar instruments","Very often; every week or so","Often; a couple of times a month","Online; sending links from streaming platforms via messengers","Yandex Music|VK Music",I wouldn't almost use these features,Trailer/teaser parts of songs ±15 sec
2142025 12:46:13,,"Streaming platforms - Spotify; Apple Music; Yandex Music and others|Vinyl; CD discs and other physical media|Downloaded files",Everyday,500-1000,Rather no than yes,Every or almost every day,"From people I know|Specialized online platforms - Rate Your Music; Pitchfork; Wire; etc|Games; movies; other forms of digital content",No,"No; I do not feel the need in that","At parties; when I'm visiting someone; in a car|Concerts; clubs; street performances","Often; a couple of times a month","Very often; every week or so","Online; sending links from streaming platforms via messengers|Offline; in a car; at someone's place etc|Via sharing the physical media(eg giving a vinyl to a friend for a listen)","Apple Music|VK Music|Bandcamp",I would use these features rarely,"I’d love to be able to upload songs for my personal use so they would be with the albums that are present on the platform But it probably violates some piracy laws…

Also if an album has alternative covers it would be cool to be able to choose the cover I want manually"
2142025 12:56:41,,"Streaming platforms - Spotify; Apple Music; Yandex Music and others",Everyday,500-1000,Mostly,"Often; a couple of times a week","At random - in cafes; shops and other venues|From people I know|Non-specialized online platforms - Instagram; TikTok; Youtube(videos); etc|Games; movies; other forms of digital content|моя волна в яндекс музыке считается? ахахахах",Yes,"No; I already have enough people around me with whom I can share the music I like","At parties; when I'm visiting someone; in a car|Concerts; clubs; street performances|At work",Almost every day,"Often; a couple of times a month","Online; sending links from streaming platforms via messengers|Offline; in a car; at someone's place etc","Spotify|Yandex Music",I wouldn't use these features,"не везде есть текст песен; хотелось бы; чтобы он автоматизированно как-нибудь добавлялся и был во всех "
2142025 12:57:19,18-30 years old,"Streaming platforms - Spotify; Apple Music; Yandex Music and others|Downloaded files",Everyday,1000+,Rather no than yes,"Often; a couple of times a week","At random - in cafes; shops and other venues|From people I know|Non-specialized online platforms - Instagram; TikTok; Youtube(videos); etc|Specialized online platforms - Rate Your Music; Pitchfork; Wire; etc|Games; movies; other forms of digital content",No,Yes,"At parties; when I'm visiting someone; in a car|Online via Spotify Jam|Discord bots and other similar instruments|Concerts; clubs; street performances","Often; a couple of times a month","Very often; every week or so","Online; sending links from streaming platforms via messengers","Spotify|SoundCloud",I would use these features often,
2142025 13:02:05,18-30 years old,"Streaming platforms - Spotify; Apple Music; Yandex Music and others","Often; but not everyday - eg 3-5 days a week",100-500,Mostly,"Rarely; maybe a handful times a month","At random - in cafes; shops and other venues|From people I know",No,Yes,"At parties; when I'm visiting someone; in a car|Online via Spotify Jam|Discord bots and other similar instruments|Concerts; clubs; street performances","Often; a couple of times a month","Rarely; every one or two months","Offline; in a car; at someone's place etc",Yandex Music,I wouldn't use these features,
2142025 13:10:48,18-30 years old,"Streaming platforms - Spotify; Apple Music; Yandex Music and others",Everyday,1000+,Rather no than yes,"Pretty often; every week or so","From people I know|Non-specialized online platforms - Instagram; TikTok; Youtube(videos); etc|Games; movies; other forms of digital content",Yes,Yes,"At parties; when I'm visiting someone; in a car|Concerts; clubs; street performances|At work","Very often; every week or so","Often; a couple of times a month","Online; sending links from streaming platforms via messengers|Offline; in a car; at someone's place etc","Yandex Music|VK Music",I would use these features often,
2142025 13:12:24,18-30 years old,"Streaming platforms - Spotify; Apple Music; Yandex Music and others",Everyday,50-100,Mostly,"Rarely; maybe a handful times a month","From people I know|Specialized online platforms - Rate Your Music; Pitchfork; Wire; etc",Yes,Yes,"At parties; when I'm visiting someone; in a car|Concerts; clubs; street performances","Often; a couple of times a month","Often; a couple of times a month","Offline; in a car; at someone's place etc",Yandex Music,I would use these features rarely,-
2142025 13:13:54,18-30 years old,"Streaming platforms - Spotify; Apple Music; Yandex Music and others",Everyday,500-1000,Rather no than yes,"Pretty often; every week or so","At random - in cafes; shops and other venues|From people I know|Non-specialized online platforms - Instagram; TikTok; Youtube(videos); etc|Games; movies; other forms of digital content",Yes,Yes,"At parties; when I'm visiting someone; in a car|Concerts; clubs; street performances|At work","Very often; every week or so","Often; a couple of times a month","Online; sending links from streaming platforms via messengers|Offline; in a car; at someone's place etc","Yandex Music|VK Music",I would use these features often,
2142025 13:19:35,18-30 years old,"Streaming platforms - Spotify; Apple Music; Yandex Music and others",Everyday,500-1000,Yes,"Pretty often; every week or so","Non-specialized online platforms - Instagram; TikTok; Youtube(videos); etc",No,Yes,"At parties; when I'm visiting someone; in a car|Online via Spotify Jam|Discord bots and other similar instruments|Concerts; clubs; street performances","Very often; every week or so","Very often; every week or so","Online; sending links from streaming platforms via messengers|Offline; in a car; at someone's place etc",VK Music,I would use these features often,
2142025 13:26:07,18-30 years old,"Streaming platforms - Spotify; Apple Music; Yandex Music and others",Everyday,500-1000,Mostly,"Often; a couple of times a week","At random - in cafes; shops and other venues|From people I know|Non-specialized online platforms - Instagram; TikTok; Youtube(videos); etc|Games; movies; other forms of digital content",Yes,"No; I already have enough people around me with whom I can share the music I like","At parties; when I'm visiting someone; in a car|Concerts; clubs; street performances|At work","Very often; every week or so",Almost every day,"Online; sending links from streaming platforms via messengers|Offline; in a car; at someone's place etc","Spotify|VK Music",I would use these features often,
2142025 14:08:28,18-30 years old,"Streaming platforms - Spotify; Apple Music; Yandex Music and others",Everyday,100-500,No,"Often; a couple of times a week","Non-specialized online platforms - Instagram; TikTok; Youtube(videos); etc|Games; movies; other forms of digital content|Spotify Radio",No,"No; I do not feel the need in that","At parties; when I'm visiting someone; in a car|Online via Spotify Jam|Discord bots and other similar instruments|Concerts; clubs; street performances","Often; a couple of times a month","Very often; every week or so","Online; sending links from streaming platforms via messengers","Spotify|SoundCloud",I wouldn't use these features,Usually Spotify/SC recommends new music using your preferences I’d like to see a feature like “Random Music/New for you”
2142025 14:11:08,18-30 years old,"Streaming platforms - Spotify; Apple Music; Yandex Music and others","Often; but not everyday - eg 3-5 days a week",50-100,Rather no than yes,"Rarely; maybe a handful times a month","Non-specialized online platforms - Instagram; TikTok; Youtube(videos); etc",Yes,"No; I already have enough people around me with whom I can share the music I like",At parties; when I'm visiting someone; in a car,"Often; a couple of times a month","Rarely; every one or two months","Offline; in a car; at someone's place etc",Spotify,I would use these features rarely,
2142025 14:46:02,18-30 years old,"Streaming platforms - Spotify; Apple Music; Yandex Music and others","Often; but not everyday - eg 3-5 days a week",100-500,Mostly,"Rarely; maybe a handful times a month","Non-specialized online platforms - Instagram; TikTok; Youtube(videos); etc",Yes,"No; I already have enough people around me with whom I can share the music I like",At parties; when I'm visiting someone; in a car,"Often; a couple of times a month","Often; a couple of times a month","Online; sending links from streaming platforms via messengers|Offline; in a car; at someone's place etc",Yandex Music,I would use these features rarely,
2142025 14:52:41,18-30 years old,"Streaming platforms - Spotify; Apple Music; Yandex Music and others|Vinyl; CD discs and other physical media|Downloaded files",Everyday,500-1000,Mostly,"Often; a couple of times a week","At random - in cafes; shops and other venues|From people I know|Non-specialized online platforms - Instagram; TikTok; Youtube(videos); etc|Specialized online platforms - Rate Your Music; Pitchfork; Wire; etc|Games; movies; other forms of digital content|Recommendations on streaming platforms",No,Yes,"At parties; when I'm visiting someone; in a car|Online via Spotify Jam|Discord bots and other similar instruments|Concerts; clubs; street performances","Often; a couple of times a month","Often; a couple of times a month","Online; sending links from streaming platforms via messengers|Offline; in a car; at someone's place etc|Via sharing the physical media(eg giving a vinyl to a friend for a listen)",Spotify,I would use these features often,
2142025 14:56:40,18-30 years old,"Streaming platforms - Spotify; Apple Music; Yandex Music and others",Everyday,1000+,No,"Often; a couple of times a week","From people I know|Non-specialized online platforms - Instagram; TikTok; Youtube(videos); etc|Recommendations on streaming platforms",No,"No; I already have enough people around me with whom I can share the music I like","Concerts; clubs; street performances|At work","Often; a couple of times a month","Often; a couple of times a month","Offline; in a car; at someone's place etc","Spotify|Yandex Music",I wouldn't use these features,no
2142025 15:05:05,18-30 years old,"Streaming platforms - Spotify; Apple Music; Yandex Music and others",Everyday,500-1000,Mostly,"Pretty often; every week or so","At random - in cafes; shops and other venues|From people I know|Non-specialized online platforms - Instagram; TikTok; Youtube(videos); etc|Recommendations on streaming platforms",No,Yes,"At parties; when I'm visiting someone; in a car|Concerts; clubs; street performances|At work","Often; a couple of times a month","Very often; every week or so","Offline; in a car; at someone's place etc",Yandex Music,I would use these features rarely,
2142025 15:06:42,18-30 years old,"Streaming platforms - Spotify; Apple Music; Yandex Music and others",Everyday,"100-500|50-100",Mostly,"Pretty often; every week or so","From people I know|Specialized online platforms - Rate Your Music; Pitchfork; Wire; etc|Recommendations on streaming platforms",Yes,"No; I do not feel the need in that","At parties; when I'm visiting someone; in a car|Online via Spotify Jam|Discord bots and other similar instruments|Concerts; clubs; street performances","Rarely; every one or two months","Very often; every week or so","Online; sending links from streaming platforms via messengers|Offline; in a car; at someone's place etc","Spotify|Yandex Music",I wouldn't use these features,Sharing music in a streaming app
2142025 15:08:01,18-30 years old,"Streaming platforms - Spotify; Apple Music; Yandex Music and others",Everyday,100-500,Yes,"Pretty often; every week or so","From people I know|Specialized online platforms - Rate Your Music; Pitchfork; Wire; etc|Recommendations on streaming platforms",Yes,"No; I already have enough people around me with whom I can share the music I like",At parties; when I'm visiting someone; in a car,"Often; a couple of times a month","Very often; every week or so","Online; sending links from streaming platforms via messengers",Yandex Music,I would use these features rarely,
2142025 16:00:29,18-30 years old,"Streaming platforms - Spotify; Apple Music; Yandex Music and others",Everyday,1000+,Yes,"Pretty often; every week or so","Non-specialized online platforms - Instagram; TikTok; Youtube(videos); etc|Games; movies; other forms of digital content|Recommendations on streaming platforms",No,"No; I already have enough people around me with whom I can share the music I like","At parties; when I'm visiting someone; in a car|Concerts; clubs; street performances","Often; a couple of times a month","Often; a couple of times a month","Online; sending links from streaming platforms via messengers|Offline; in a car; at someone's place etc",Spotify,I would use these features often,slowing/speeding down/up the songs
2142025 16:18:17,18-30 years old,"Streaming platforms - Spotify; Apple Music; Yandex Music and others",Everyday,"1000+|500-1000",Mostly,"Often; a couple of times a week","At random - in cafes; shops and other venues|From people I know|Non-specialized online platforms - Instagram; TikTok; Youtube(videos); etc|Recommendations on streaming platforms",No,Yes,"At parties; when I'm visiting someone; in a car|Online via Spotify Jam|Discord bots and other similar instruments|Concerts; clubs; street performances","Often; a couple of times a month","Often; a couple of times a month","Online; sending links from streaming platforms via messengers|Offline; in a car; at someone's place etc","Spotify|Yandex Music",I would use these features often,
2142025 16:25:52,18-30 years old,"Streaming platforms - Spotify; Apple Music; Yandex Music and others",Everyday,100-500,Mostly,"Pretty often; every week or so","At random - in cafes; shops and other venues|From people I know|Non-specialized online platforms - Instagram; TikTok; Youtube(videos); etc|Games; movies; other forms of digital content|Recommendations on streaming platforms",Yes,"No; I do not feel the need in that","At parties; when I'm visiting someone; in a car|Concerts; clubs; street performances|At work","Very often; every week or so","Rarely; every one or two months","Offline; in a car; at someone's place etc","Spotify|SoundCloud",I wouldn't use these features,
2142025 16:32:02,18-30 years old,"Streaming platforms - Spotify; Apple Music; Yandex Music and others","Often; but not everyday - eg 3-5 days a week",50-100,Mostly,"Rarely; maybe a handful times a month","Non-specialized online platforms - Instagram; TikTok; Youtube(videos); etc|Games; movies; other forms of digital content",No,"No; I do not feel the need in that",At parties; when I'm visiting someone; in a car,"Often; a couple of times a month","Rarely; every one or two months","Online; sending links from streaming platforms via messengers",Youtube Music,I would use these features often,
2142025 16:41:17,18-30 years old,"Streaming platforms - Spotify; Apple Music; Yandex Music and others",Everyday,100-500,Yes,"Rarely; maybe a handful times a month","At random - in cafes; shops and other venues|Non-specialized online platforms - Instagram; TikTok; Youtube(videos); etc|Specialized online platforms - Rate Your Music; Pitchfork; Wire; etc|Games; movies; other forms of digital content|Recommendations on streaming platforms",No,Yes,"At parties; when I'm visiting someone; in a car|Concerts; clubs; street performances","Often; a couple of times a month","Very rarely; maybe a couple times a year",,Youtube Music,I wouldn't use these features,
2142025 17:35:21,18-30 years old,"Streaming platforms - Spotify; Apple Music; Yandex Music and others","Often; but not everyday - eg 3-5 days a week",50-100,Mostly,"Often; a couple of times a week","At random - in cafes; shops and other venues|From people I know|Non-specialized online platforms - Instagram; TikTok; Youtube(videos); etc|Games; movies; other forms of digital content|Recommendations on streaming platforms",No,Yes,"At parties; when I'm visiting someone; in a car|Online via Spotify Jam|Discord bots and other similar instruments|Concerts; clubs; street performances","Often; a couple of times a month","Often; a couple of times a month","Online; sending links from streaming platforms via messengers|Offline; in a car; at someone's place etc","Apple Music|VK Music|SoundCloud",I would use these features often,«Save for later” feature
2142025 21:35:30,18-30 years old,"Streaming platforms - Spotify; Apple Music; Yandex Music and others|Downloaded files",Everyday,300-700,Mostly,Every or almost every day,"From people I know|Non-specialized online platforms - Instagram; TikTok; Youtube(videos); etc|Specialized online platforms - Rate Your Music; Pitchfork; Wire; etc|Games; movies; other forms of digital content|Recommendations on streaming platforms",No,Yes,"At parties; when I'm visiting someone; in a car|Online via Spotify Jam|Discord bots and other similar instruments|Concerts; clubs; street performances","Very often; every week or so","Often; a couple of times a month","Online; sending links from streaming platforms via messengers","Spotify|SoundCloud",I would use these features often,"Personal rate system Fuck I need it Ability to give clear priority system to the algorithm in order to get better recommendations

Also I really enjoy how soundcloud made its comment section visible on the auido form Wish more platforms had that feature"
2142025 21:48:59,18-30 years old,"Streaming platforms - Spotify; Apple Music; Yandex Music and others",Everyday,500-1000,Rather no than yes,"Often; a couple of times a week","From people I know|Non-specialized online platforms - Instagram; TikTok; Youtube(videos); etc|Specialized online platforms - Rate Your Music; Pitchfork; Wire; etc|Recommendations on streaming platforms",No,Yes,"At parties; when I'm visiting someone; in a car|Concerts; clubs; street performances|At work","Very often; every week or so","Very often; every week or so","Online; sending links from streaming platforms via messengers|Offline; in a car; at someone's place etc",Spotify,I would use these features often,"could be fun to have timeline comments; eg 'love this bass' appearing at 1:23 sec of the song i'd leave those purely for myself or share and read from the people i follow + not having to explain to people like oh i love the part that starts at 1:23 and just sending a link with a timeline comment would have been nice"
2142025 22:22:08,18-30 years old,"Streaming platforms - Spotify; Apple Music; Yandex Music and others",Everyday,100-500,Yes,"Pretty often; every week or so","Non-specialized online platforms - Instagram; TikTok; Youtube(videos); etc|Recommendations on streaming platforms",Yes,Yes,"At parties; when I'm visiting someone; in a car|Concerts; clubs; street performances","Often; a couple of times a month","Very rarely; maybe a couple times a year","Offline; in a car; at someone's place etc","Apple Music|Yandex Music|VK Music|SoundCloud",,More music
2242025 8:40:30,18-30 years old,"Streaming platforms - Spotify; Apple Music; Yandex Music and others",Everyday,10-50,Yes,"Very rarely; once a couple of months","At random - in cafes; shops and other venues|From people I know|Non-specialized online platforms - Instagram; TikTok; Youtube(videos); etc|Games; movies; other forms of digital content",No,"No; I already have enough people around me with whom I can share the music I like","At parties; when I'm visiting someone; in a car|Concerts; clubs; street performances","Rarely; every one or two months",Almost every day,"Online; sending links from streaming platforms via messengers|Offline; in a car; at someone's place etc",Youtube Music,I wouldn't use these features,"Change search algorithms to select what I actually search; not what I might like according to it"
2242025 10:14:13,18-30 years old,"Streaming platforms - Spotify; Apple Music; Yandex Music and others",Everyday,50-100,Rather no than yes,"Pretty often; every week or so","At random - in cafes; shops and other venues|From people I know|Games; movies; other forms of digital content",No,"No; I already have enough people around me with whom I can share the music I like","At parties; when I'm visiting someone; in a car|Online via Spotify Jam|Discord bots and other similar instruments","Often; a couple of times a month","Often; a couple of times a month","Online; sending links from streaming platforms via messengers","Spotify|Yandex Music|SoundCloud",I would use these features rarely,
2242025 10:47:41,18-30 years old,"Streaming platforms - Spotify; Apple Music; Yandex Music and others",Everyday,500-1000,Mostly,"Often; a couple of times a week","From people I know|Non-specialized online platforms - Instagram; TikTok; Youtube(videos); etc|Recommendations on streaming platforms",Yes,"No; I already have enough people around me with whom I can share the music I like","At parties; when I'm visiting someone; in a car|Concerts; clubs; street performances","Often; a couple of times a month","Very rarely; maybe a couple times a year","Offline; in a car; at someone's place etc","Yandex Music|VK Music|Youtube Music",I would use these features rarely,
2242025 11:10:28,18-30 years old,"Streaming platforms - Spotify; Apple Music; Yandex Music and others","Often; but not everyday - eg 3-5 days a week","100-500|50-100",Mostly,"Pretty often; every week or so","At random - in cafes; shops and other venues|From people I know|Non-specialized online platforms - Instagram; TikTok; Youtube(videos); etc|My wave on music platforms",No,"No; I do not feel the need in that","At parties; when I'm visiting someone; in a car|Concerts; clubs; street performances","Often; a couple of times a month","Rarely; every one or two months","Online; sending links from streaming platforms via messengers|Offline; in a car; at someone's place etc","Yandex Music|VK Music",I wouldn't use these features,
2242025 11:27:53,30-60 years old,"Streaming platforms - Spotify; Apple Music; Yandex Music and others",Once or twice a week at most,50-100,Mostly,"Very rarely; once a couple of months","At random - in cafes; shops and other venues|From people I know|Non-specialized online platforms - Instagram; TikTok; Youtube(videos); etc|Games; movies; other forms of digital content",Yes,"No; I do not feel the need in that","At parties; when I'm visiting someone; in a car|Concerts; clubs; street performances","Often; a couple of times a month","Often; a couple of times a month","Online; sending links from streaming platforms via messengers","Apple Music|Yandex Music|Bandcamp",I wouldn't use these features,
2242025 11:32:05,30-60 years old,"Streaming platforms - Spotify; Apple Music; Yandex Music and others|Downloaded files|online radio",Everyday,100-500,Mostly,"Pretty often; every week or so",Recommendations on streaming platforms,No,Yes,At parties; when I'm visiting someone; in a car,"Often; a couple of times a month","Rarely; every one or two months","Online; sending links from streaming platforms via messengers",Yandex Music,I would use these features rarely,
2242025 11:40:03,18-30 years old,"Streaming platforms - Spotify; Apple Music; Yandex Music and others",Everyday,1000+,Mostly,"Often; a couple of times a week","At random - in cafes; shops and other venues|Recommendations on streaming platforms",Yes,"No; I do not feel the need in that","At parties; when I'm visiting someone; in a car|Concerts; clubs; street performances","Often; a couple of times a month","Rarely; every one or two months","Offline; in a car; at someone's place etc",Yandex Music,I would use these features rarely,
2242025 11:49:18,18-30 years old,"Streaming platforms - Spotify; Apple Music; Yandex Music and others",Everyday,1000+,Mostly,Every or almost every day,"Non-specialized online platforms - Instagram; TikTok; Youtube(videos); etc|Recommendations on streaming platforms",Yes,Yes,"At parties; when I'm visiting someone; in a car|Concerts; clubs; street performances","Very often; every week or so","Very often; every week or so","Online; sending links from streaming platforms via messengers|Offline; in a car; at someone's place etc",Yandex Music,I would use these features often,No
2242025 11:52:08,30-60 years old,Downloaded files,Everyday,500-1000,No,"Often; a couple of times a week","At random - in cafes; shops and other venues|From people I know|Non-specialized online platforms - Instagram; TikTok; Youtube(videos); etc|Specialized online platforms - Rate Your Music; Pitchfork; Wire; etc|Games; movies; other forms of digital content|Recommendations on streaming platforms",Yes,Yes,"At parties; when I'm visiting someone; in a car|Concerts; clubs; street performances|At work","Often; a couple of times a month","Often; a couple of times a month","Online; sending links from streaming platforms via messengers|Offline; in a car; at someone's place etc|Via sharing the physical media(eg giving a vinyl to a friend for a listen)","VK Music|",I would use these features rarely,
2242025 12:16:08,18-30 years old,"Streaming platforms - Spotify; Apple Music; Yandex Music and others",Once or twice a week at most,100-500,Mostly,"Rarely; maybe a handful times a month","At random - in cafes; shops and other venues|From people I know|Non-specialized online platforms - Instagram; TikTok; Youtube(videos); etc",Yes,"No; I already have enough people around me with whom I can share the music I like",At parties; when I'm visiting someone; in a car,"Very often; every week or so","Very rarely; maybe a couple times a year","Offline; in a car; at someone's place etc",VK Music,I wouldn't use these features,
2242025 12:17:47,18-30 years old,"Streaming platforms - Spotify; Apple Music; Yandex Music and others",Everyday,500-1000,Mostly,"Rarely; maybe a handful times a month","At random - in cafes; shops and other venues|From people I know|Non-specialized online platforms - Instagram; TikTok; Youtube(videos); etc|Games; movies; other forms of digital content",Yes,Yes,"At parties; when I'm visiting someone; in a car|Concerts; clubs; street performances|At work","Very often; every week or so","Very often; every week or so","Online; sending links from streaming platforms via messengers|Offline; in a car; at someone's place etc","Yandex Music|VK Music",I would use these features rarely,
2242025 16:24:22,18-30 years old,"Streaming platforms - Spotify; Apple Music; Yandex Music and others",Once or twice a week at most,50-100,Yes,"Rarely; maybe a handful times a month","From people I know|Non-specialized online platforms - Instagram; TikTok; Youtube(videos); etc|Recommendations on streaming platforms",No,"No; I do not feel the need in that","At parties; when I'm visiting someone; in a car|Concerts; clubs; street performances","Rarely; every one or two months","Rarely; every one or two months","Offline; in a car; at someone's place etc",Звук,I would use these features rarely,
2242025 16:48:52,18-30 years old,"Streaming platforms - Spotify; Apple Music; Yandex Music and others",Everyday,100-500,Mostly,"Rarely; maybe a handful times a month","From people I know|Non-specialized online platforms - Instagram; TikTok; Youtube(videos); etc|Recommendations on streaming platforms",Yes,Yes,"At parties; when I'm visiting someone; in a car|Concerts; clubs; street performances","Often; a couple of times a month","Rarely; every one or two months","Offline; in a car; at someone's place etc","Spotify|Yandex Music",I would use these features rarely,
2242025 17:07:51,18-30 years old,"Streaming platforms - Spotify; Apple Music; Yandex Music and others|Downloaded files",Everyday,500-1000,Mostly,"Rarely; maybe a handful times a month","From people I know|Games; movies; other forms of digital content|Recommendations on streaming platforms",Yes,"No; I already have enough people around me with whom I can share the music I like","At parties; when I'm visiting someone; in a car|Concerts; clubs; street performances","Often; a couple of times a month","Very often; every week or so","Offline; in a car; at someone's place etc",VK Music,I would use these features often,
2242025 19:02:56,30-60 years old,"Streaming platforms - Spotify; Apple Music; Yandex Music and others",Everyday,100-500,Rather no than yes,"Rarely; maybe a handful times a month","From people I know|Non-specialized online platforms - Instagram; TikTok; Youtube(videos); etc|Recommendations on streaming platforms",Yes,Yes,"At parties; when I'm visiting someone; in a car|Concerts; clubs; street performances","Often; a couple of times a month","Often; a couple of times a month","Online; sending links from streaming platforms via messengers|Offline; in a car; at someone's place etc","VK Music|Telegram",I would use these features often,Karaoke
2242025 19:24:06,30-60 years old,"Streaming platforms - Spotify; Apple Music; Yandex Music and others|Vinyl; CD discs and other physical media|Downloaded files",Once or twice a week at most,10-50,Mostly,"Very rarely; once a couple of months","At random - in cafes; shops and other venues|From people I know|Non-specialized online platforms - Instagram; TikTok; Youtube(videos); etc",Yes,Yes,"Concerts; clubs; street performances","Rarely; every one or two months","Often; a couple of times a month","Offline; in a car; at someone's place etc",VK Music,I wouldn't use these features,No ideas
2242025 19:42:21,0-18 years old,"Streaming platforms - Spotify; Apple Music; Yandex Music and others|Downloaded files",Everyday,1000+,Mostly,"Rarely; maybe a handful times a month","At random - in cafes; shops and other venues|From people I know|Non-specialized online platforms - Instagram; TikTok; Youtube(videos); etc|Recommendations on streaming platforms",No,"No; I already have enough people around me with whom I can share the music I like",At parties; when I'm visiting someone; in a car,"Rarely; every one or two months","Very often; every week or so","Online; sending links from streaming platforms via messengers","Yandex Music|SoundCloud",I would use these features often,
2242025 19:43:12,0-18 years old,Downloaded files,Everyday,"1000+|500-1000",Mostly,"Often; a couple of times a week","Non-specialized online platforms - Instagram; TikTok; Youtube(videos); etc|Games; movies; other forms of digital content|Recommendations on streaming platforms",No,Yes,"Concerts; clubs; street performances","Very rarely; maybe a couple times a year","Very rarely; maybe a couple times a year","Online; sending links from streaming platforms via messengers","Yandex Music|VK Music",I would use these features often,"В некоторых из стриминговых платформ; которые я использую;ƒ отсутствует распределение песен по алфавиту Это очень удобно; хотелось бы видеть это везде Также добавить обсуждение к трекам/исполнителям хорошая идея!"
2242025 19:49:01,30-60 years old,"Streaming platforms - Spotify; Apple Music; Yandex Music and others",Everyday,100-500,Rather no than yes,"Pretty often; every week or so","Games; movies; other forms of digital content|Recommendations on streaming platforms",No,"No; I do not feel the need in that","At parties; when I'm visiting someone; in a car|Concerts; clubs; street performances","Often; a couple of times a month","Rarely; every one or two months","Online; sending links from streaming platforms via messengers|Offline; in a car; at someone's place etc",Yandex Music,I wouldn't use these features,-
2242025 19:58:05,30-60 years old,"Vinyl; CD discs and other physical media|Downloaded files|телеграм",Everyday,500-1000,Rather no than yes,"Often; a couple of times a week","From people I know|Specialized online platforms - Rate Your Music; Pitchfork; Wire; etc|Buying new physical releases(vinyl; cds )",No,Yes,"At parties; when I'm visiting someone; in a car|At work","Very often; every week or so","Very often; every week or so","Offline; in a car; at someone's place etc|Via sharing the physical media(eg giving a vinyl to a friend for a listen)",,,
2242025 20:06:00,0-18 years old,"Streaming platforms - Spotify; Apple Music; Yandex Music and others|Downloaded files",Everyday,10-50,Rather no than yes,"Rarely; maybe a handful times a month","Games; movies; other forms of digital content|Recommendations on streaming platforms",Yes,Yes,At parties; when I'm visiting someone; in a car,"Very rarely; maybe a couple times a year","Very often; every week or so","Online; sending links from streaming platforms via messengers|Offline; in a car; at someone's place etc",Yandex Music,I would use these features often,
2242025 21:31:03,18-30 years old,"Streaming platforms - Spotify; Apple Music; Yandex Music and others",Everyday,500-1000,Mostly,"Pretty often; every week or so","Non-specialized online platforms - Instagram; TikTok; Youtube(videos); etc|Games; movies; other forms of digital content|Recommendations on streaming platforms",Yes,"No; I do not feel the need in that",At parties; when I'm visiting someone; in a car,"Very often; every week or so","Very often; every week or so","Online; sending links from streaming platforms via messengers|Offline; in a car; at someone's place etc",Spotify,I would use these features rarely,high quality covers
2242025 21:31:34,18-30 years old,"Streaming platforms - Spotify; Apple Music; Yandex Music and others|Downloaded files",Everyday,1000+,Rather no than yes,Every or almost every day,"At random - in cafes; shops and other venues|From people I know|Non-specialized online platforms - Instagram; TikTok; Youtube(videos); etc|Specialized online platforms - Rate Your Music; Pitchfork; Wire; etc|Games; movies; other forms of digital content|Recommendations on streaming platforms",No,Yes,"At parties; when I'm visiting someone; in a car|Online via Spotify Jam|Discord bots and other similar instruments|Concerts; clubs; street performances|At work",Almost every day,"Very often; every week or so","Online; sending links from streaming platforms via messengers|Offline; in a car; at someone's place etc","Spotify|SoundCloud",I would use these features often,
2242025 21:32:34,18-30 years old,"Streaming platforms - Spotify; Apple Music; Yandex Music and others",Everyday,100-500,Mostly,"Pretty often; every week or so","From people I know|Non-specialized online platforms - Instagram; TikTok; Youtube(videos); etc|Recommendations on streaming platforms",Yes,"No; I already have enough people around me with whom I can share the music I like","At parties; when I'm visiting someone; in a car|Online via Spotify Jam|Discord bots and other similar instruments","Often; a couple of times a month","Often; a couple of times a month","Offline; in a car; at someone's place etc","Spotify|VK Music",I would use these features rarely,
2242025 22:27:53,18-30 years old,"Streaming platforms - Spotify; Apple Music; Yandex Music and others",Everyday,500-1000,Yes,"Rarely; maybe a handful times a month","At random - in cafes; shops and other venues|From people I know|Non-specialized online platforms - Instagram; TikTok; Youtube(videos); etc|Games; movies; other forms of digital content",Yes,Yes,"At parties; when I'm visiting someone; in a car|Concerts; clubs; street performances","Very rarely; maybe a couple times a year","Very often; every week or so","Online; sending links from streaming platforms via messengers|Offline; in a car; at someone's place etc","Yandex Music|VK Music",I would use these features rarely,-
2242025 22:36:16,18-30 years old,"Streaming platforms - Spotify; Apple Music; Yandex Music and others",Everyday,1000+,No,"Pretty often; every week or so","Games; movies; other forms of digital content",Yes,"No; I do not feel the need in that",At parties; when I'm visiting someone; in a car,Almost every day,"Rarely; every one or two months","Offline; in a car; at someone's place etc",Spotify,I wouldn't use these features,
2342025 7:55:36,18-30 years old,"Streaming platforms - Spotify; Apple Music; Yandex Music and others","Often; but not everyday - eg 3-5 days a week","100-500|50-100|Idk",Mostly,"Pretty often; every week or so","Non-specialized online platforms - Instagram; TikTok; Youtube(videos); etc|Recommendations on streaming platforms",No,Yes,"At parties; when I'm visiting someone; in a car|Concerts; clubs; street performances",Almost every day,"Often; a couple of times a month","Offline; in a car; at someone's place etc",Spotify,I wouldn't use these features,"No; I am okay"
2342025 9:14:08,0-18 years old,"Streaming platforms - Spotify; Apple Music; Yandex Music and others",Everyday,"1000+|100-500",Mostly,"Very rarely; once a couple of months","At random - in cafes; shops and other venues|From people I know|Non-specialized online platforms - Instagram; TikTok; Youtube(videos); etc|Specialized online platforms - Rate Your Music; Pitchfork; Wire; etc|Games; movies; other forms of digital content|Recommendations on streaming platforms",Yes,"No; I do not feel the need in that","At parties; when I'm visiting someone; in a car|Concerts; clubs; street performances|At work","Very often; every week or so","Very rarely; maybe a couple times a year","Online; sending links from streaming platforms via messengers",Spotify,I wouldn't use these features,
2342025 10:45:23,18-30 years old,"Streaming platforms - Spotify; Apple Music; Yandex Music and others",Everyday,500-1000,Mostly,"Often; a couple of times a week","At random - in cafes; shops and other venues|Non-specialized online platforms - Instagram; TikTok; Youtube(videos); etc|Games; movies; other forms of digital content",No,"No; I do not feel the need in that",At parties; when I'm visiting someone; in a car,"Rarely; every one or two months","Very rarely; maybe a couple times a year","Online; sending links from streaming platforms via messengers|Offline; in a car; at someone's place etc","Spotify|Yandex Music",I would use these features rarely,
2442025 9:51:01,18-30 years old,"Streaming platforms - Spotify; Apple Music; Yandex Music and others|Vinyl; CD discs and other physical media",Everyday,500-1000,Mostly,"Rarely; maybe a handful times a month","At random - in cafes; shops and other venues",Yes,Yes,"At parties; when I'm visiting someone; in a car|Concerts; clubs; street performances","Often; a couple of times a month","Often; a couple of times a month","Online; sending links from streaming platforms via messengers|Offline; in a car; at someone's place etc",Apple Music,I wouldn't use these features,
2442025 10:57:20,30-60 years old,"Streaming platforms - Spotify; Apple Music; Yandex Music and others",Once or twice a week at most,10-50,Yes,"Very rarely; once a couple of months","Non-specialized online platforms - Instagram; TikTok; Youtube(videos); etc",Yes,"No; I do not feel the need in that","At parties; when I'm visiting someone; in a car|Concerts; clubs; street performances","Rarely; every one or two months","Very rarely; maybe a couple times a year","Offline; in a car; at someone's place etc",Youtube Music,I wouldn't use these features,No
2442025 13:06:19,18-30 years old,"Streaming platforms - Spotify; Apple Music; Yandex Music and others",Everyday,500-1000,Mostly,"Pretty often; every week or so","From people I know|Non-specialized online platforms - Instagram; TikTok; Youtube(videos); etc|Games; movies; other forms of digital content|Recommendations on streaming platforms",Yes,Yes,"Online via Spotify Jam|Discord bots and other similar instruments|Concerts; clubs; street performances","Very often; every week or so","Very often; every week or so","Online; sending links from streaming platforms via messengers",Spotify,I would use these features often,
2542025 11:33:43,0-18 years old,"Streaming platforms - Spotify; Apple Music; Yandex Music and others",Everyday,1000+,Rather no than yes,Every or almost every day,"At random - in cafes; shops and other venues|From people I know|Non-specialized online platforms - Instagram; TikTok; Youtube(videos); etc|Specialized online platforms - Rate Your Music; Pitchfork; Wire; etc|Games; movies; other forms of digital content|Recommendations on streaming platforms",No,Yes,"At parties; when I'm visiting someone; in a car|Online via Spotify Jam|Discord bots and other similar instruments|Concerts; clubs; street performances",Almost every day,Almost every day,"Online; sending links from streaming platforms via messengers|Offline; in a car; at someone's place etc","Spotify|just youtube",I would use these features often,
2542025 11:35:04,18-30 years old,"Streaming platforms - Spotify; Apple Music; Yandex Music and others|Vinyl; CD discs and other physical media|Downloaded files","Often; but not everyday - eg 3-5 days a week",100-500,Mostly,"Pretty often; every week or so","At random - in cafes; shops and other venues|From people I know|Non-specialized online platforms - Instagram; TikTok; Youtube(videos); etc|Recommendations on streaming platforms",No,Yes,"At parties; when I'm visiting someone; in a car|Concerts; clubs; street performances","Often; a couple of times a month","Often; a couple of times a month","Online; sending links from streaming platforms via messengers|Offline; in a car; at someone's place etc",Spotify,I would use these features often,
2742025 14:25:43,30-60 years old,"Streaming platforms - Spotify; Apple Music; Yandex Music and others",Everyday,100-500,Mostly,"Rarely; maybe a handful times a month","From people I know|Recommendations on streaming platforms",No,Yes,"At parties; when I'm visiting someone; in a car|Concerts; clubs; street performances","Very rarely; maybe a couple times a year","Rarely; every one or two months","Online; sending links from streaming platforms via messengers|Offline; in a car; at someone's place etc","Yandex Music|VK Music|Youtube Music",I would use these features often,Popular music rating by genre among users
2742025 14:42:35,18-30 years old,"Streaming platforms - Spotify; Apple Music; Yandex Music and others","Often; but not everyday - eg 3-5 days a week",500-1000,Mostly,"Often; a couple of times a week",Recommendations on streaming platforms,Yes,Yes,"At parties; when I'm visiting someone; in a car|Concerts; clubs; street performances","Rarely; every one or two months","Very rarely; maybe a couple times a year","Online; sending links from streaming platforms via messengers|Offline; in a car; at someone's place etc",Yandex Music,I would use these features rarely,
2742025 14:51:25,30-60 years old,"Streaming platforms - Spotify; Apple Music; Yandex Music and others",Everyday,100-500,Mostly,"Pretty often; every week or so",All mentioned above,No,"No; I do not feel the need in that","At parties; when I'm visiting someone; in a car|At work","Rarely; every one or two months","Very rarely; maybe a couple times a year","Online; sending links from streaming platforms via messengers|Offline; in a car; at someone's place etc","Yandex Music|You Tube",I wouldn't use these features,No
2742025 21:10:34,18-30 years old,"Streaming platforms - Spotify; Apple Music; Yandex Music and others",Everyday,500-1000,Mostly,"Rarely; maybe a handful times a month","Non-specialized online platforms - Instagram; TikTok; Youtube(videos); etc|Games; movies; other forms of digital content|Recommendations on streaming platforms",No,"No; I do not feel the need in that",At parties; when I'm visiting someone; in a car,"Very rarely; maybe a couple times a year","Rarely; every one or two months","Online; sending links from streaming platforms via messengers","Spotify|Yandex Music",I would use these features rarely,
2742025 21:16:27,18-30 years old,"Streaming platforms - Spotify; Apple Music; Yandex Music and others",Everyday,1000+,Mostly,"Pretty often; every week or so",Finding in recommended playlists,Yes,"No; I already have enough people around me with whom I can share the music I like","At parties; when I'm visiting someone; in a car|Online via Spotify Jam|Discord bots and other similar instruments","Often; a couple of times a month","Rarely; every one or two months","Online; sending links from streaming platforms via messengers|Offline; in a car; at someone's place etc","Apple Music|Yandex Music",I would use these features rarely,
2742025 21:27:23,18-30 years old,"Streaming platforms - Spotify; Apple Music; Yandex Music and others",Everyday,100-500,No,"Often; a couple of times a week","Specialized online platforms - Rate Your Music; Pitchfork; Wire; etc|soundcloud ",Yes,Yes,"At parties; when I'm visiting someone; in a car|Concerts; clubs; street performances","Often; a couple of times a month","Very often; every week or so","Offline; in a car; at someone's place etc","Apple Music|Yandex Music|SoundCloud",I would use these features rarely,
2742025 21:32:28,18-30 years old,"Streaming platforms - Spotify; Apple Music; Yandex Music and others",Everyday,100-500,Yes,"Pretty often; every week or so","At random - in cafes; shops and other venues|From people I know|Non-specialized online platforms - Instagram; TikTok; Youtube(videos); etc|Specialized online platforms - Rate Your Music; Pitchfork; Wire; etc|Games; movies; other forms of digital content|Buying new physical releases(vinyl; cds )|Recommendations on streaming platforms",Yes,Yes,"At parties; when I'm visiting someone; in a car|Online via Spotify Jam|Discord bots and other similar instruments|Concerts; clubs; street performances|At work",Almost every day,"Very often; every week or so","Online; sending links from streaming platforms via messengers|Offline; in a car; at someone's place etc|Via sharing the physical media(eg giving a vinyl to a friend for a listen)",Spotify,I wouldn't use these features,
2742025 21:32:52,18-30 years old,"Streaming platforms - Spotify; Apple Music; Yandex Music and others",Everyday,100-500,Rather no than yes,"Rarely; maybe a handful times a month","Non-specialized online platforms - Instagram; TikTok; Youtube(videos); etc|Recommendations on streaming platforms",Yes,"No; I do not feel the need in that",At parties; when I'm visiting someone; in a car,"Rarely; every one or two months","Very rarely; maybe a couple times a year","Online; sending links from streaming platforms via messengers|Offline; in a car; at someone's place etc",Spotify,I wouldn't use these features,
2742025 21:34:44,18-30 years old,"Streaming platforms - Spotify; Apple Music; Yandex Music and others","Often; but not everyday - eg 3-5 days a week",50-100,Mostly,"Rarely; maybe a handful times a month","Non-specialized online platforms - Instagram; TikTok; Youtube(videos); etc|Recommendations on streaming platforms",No,"No; I do not feel the need in that","At parties; when I'm visiting someone; in a car|Concerts; clubs; street performances","Rarely; every one or two months","Rarely; every one or two months","Offline; in a car; at someone's place etc","Spotify|Youtube Music",I would use these features rarely,"Podsložky jednotlivých playlistů Mít playlist například s metalem a moct ho poslouchat najednou a zároveň mít separátní podsložky; kde budu mít třeba jenom Rammstein "
2742025 21:36:02,18-30 years old,"Streaming platforms - Spotify; Apple Music; Yandex Music and others",Everyday,100-500,Mostly,"Pretty often; every week or so","At random - in cafes; shops and other venues|From people I know|Non-specialized online platforms - Instagram; TikTok; Youtube(videos); etc|Games; movies; other forms of digital content",Yes,Yes,"At parties; when I'm visiting someone; in a car|Online via Spotify Jam|Discord bots and other similar instruments|Concerts; clubs; street performances|At work","Often; a couple of times a month","Often; a couple of times a month","Online; sending links from streaming platforms via messengers|Offline; in a car; at someone's place etc","Spotify|Youtube Music",I would use these features often,
2742025 21:45:22,0-18 years old,"Streaming platforms - Spotify; Apple Music; Yandex Music and others","Often; but not everyday - eg 3-5 days a week",100-500,Mostly,"Pretty often; every week or so","At random - in cafes; shops and other venues|From people I know|Games; movies; other forms of digital content|Recommendations on streaming platforms",Yes,"No; I do not feel the need in that","At parties; when I'm visiting someone; in a car|Concerts; clubs; street performances","Rarely; every one or two months","Often; a couple of times a month","Online; sending links from streaming platforms via messengers|Offline; in a car; at someone's place etc|Via sharing the physical media(eg giving a vinyl to a friend for a listen)",Spotify,I would use these features rarely,
2742025 21:53:23,18-30 years old,"Streaming platforms - Spotify; Apple Music; Yandex Music and others",Everyday,500-1000,Yes,"Pretty often; every week or so","Non-specialized online platforms - Instagram; TikTok; Youtube(videos); etc|Games; movies; other forms of digital content",Yes,Yes,"At parties; when I'm visiting someone; in a car|Concerts; clubs; street performances","Rarely; every one or two months","Rarely; every one or two months","Offline; in a car; at someone's place etc",Apple Music,I would use these features often,
2742025 22:12:12,18-30 years old,"Streaming platforms - Spotify; Apple Music; Yandex Music and others",Everyday,50-100,Mostly,"Rarely; maybe a handful times a month","At random - in cafes; shops and other venues|Non-specialized online platforms - Instagram; TikTok; Youtube(videos); etc",Yes,"No; I already have enough people around me with whom I can share the music I like","At parties; when I'm visiting someone; in a car|Online via Spotify Jam|Discord bots and other similar instruments","Often; a couple of times a month","Often; a couple of times a month","Online; sending links from streaming platforms via messengers|Offline; in a car; at someone's place etc",Spotify,I would use these features rarely,idkk
2742025 22:15:20,18-30 years old,"Streaming platforms - Spotify; Apple Music; Yandex Music and others|Downloaded files",Everyday,500-1000,Yes,Every or almost every day,"Non-specialized online platforms - Instagram; TikTok; Youtube(videos); etc|Specialized online platforms - Rate Your Music; Pitchfork; Wire; etc",No,Yes,,"Very rarely; maybe a couple times a year","Very rarely; maybe a couple times a year","Offline; in a car; at someone's place etc","Spotify|Youtube Music",I would use these features often,
2742025 22:16:05,18-30 years old,"Streaming platforms - Spotify; Apple Music; Yandex Music and others",Everyday,1000+,Mostly,"Pretty often; every week or so","From people I know|Non-specialized online platforms - Instagram; TikTok; Youtube(videos); etc|Games; movies; other forms of digital content|Recommendations on streaming platforms",Yes,Yes,"At parties; when I'm visiting someone; in a car|Online via Spotify Jam|Discord bots and other similar instruments","Often; a couple of times a month","Rarely; every one or two months","Online; sending links from streaming platforms via messengers|Offline; in a car; at someone's place etc",Spotify,I would use these features rarely,
2742025 22:16:12,18-30 years old,"Streaming platforms - Spotify; Apple Music; Yandex Music and others",Everyday,100-500,Yes,"Pretty often; every week or so","At random - in cafes; shops and other venues|Non-specialized online platforms - Instagram; TikTok; Youtube(videos); etc",No,Yes,At parties; when I'm visiting someone; in a car,Almost every day,"Often; a couple of times a month","Offline; in a car; at someone's place etc","Apple Music|Yandex Music|VK Music",,
2742025 22:23:25,18-30 years old,"Streaming platforms - Spotify; Apple Music; Yandex Music and others",Everyday,100-500,Yes,"Rarely; maybe a handful times a month","At random - in cafes; shops and other venues|Non-specialized online platforms - Instagram; TikTok; Youtube(videos); etc",No,"No; I do not feel the need in that",At parties; when I'm visiting someone; in a car,"Rarely; every one or two months","Very rarely; maybe a couple times a year","Offline; in a car; at someone's place etc",Spotify,I would use these features often,
2742025 22:39:44,18-30 years old,"Streaming platforms - Spotify; Apple Music; Yandex Music and others",Once or twice a week at most,Less than 10,Mostly,"Very rarely; once a couple of months","From people I know|Non-specialized online platforms - Instagram; TikTok; Youtube(videos); etc|Games; movies; other forms of digital content",Yes,Yes,At work,"Rarely; every one or two months","Very rarely; maybe a couple times a year","Offline; in a car; at someone's place etc","Spotify|Youtube Music",I would use these features rarely,
2742025 23:01:55,18-30 years old,"Streaming platforms - Spotify; Apple Music; Yandex Music and others",Everyday,1000+,Mostly,"Pretty often; every week or so","At random - in cafes; shops and other venues|From people I know|Non-specialized online platforms - Instagram; TikTok; Youtube(videos); etc|Games; movies; other forms of digital content",Yes,Yes,"At parties; when I'm visiting someone; in a car|Concerts; clubs; street performances|At work","Very often; every week or so","Often; a couple of times a month","Online; sending links from streaming platforms via messengers|Offline; in a car; at someone's place etc","Apple Music|Yandex Music|SoundCloud",I would use these features often,
2742025 23:35:55,18-30 years old,"Streaming platforms - Spotify; Apple Music; Yandex Music and others",Everyday,100-500,Mostly,"Rarely; maybe a handful times a month","Non-specialized online platforms - Instagram; TikTok; Youtube(videos); etc|Recommendations on streaming platforms",No,Yes,At parties; when I'm visiting someone; in a car,"Often; a couple of times a month","Rarely; every one or two months","Offline; in a car; at someone's place etc",Apple Music,I would use these features often,
2842025 2:25:00,18-30 years old,"Streaming platforms - Spotify; Apple Music; Yandex Music and others",Everyday,100-500,Mostly,"Rarely; maybe a handful times a month",,Yes,Yes,At parties; when I'm visiting someone; in a car,"Often; a couple of times a month","Very often; every week or so","Online; sending links from streaming platforms via messengers",Spotify,I would use these features often,
2842025 6:03:08,18-30 years old,"Streaming platforms - Spotify; Apple Music; Yandex Music and others",Everyday,100-500,Mostly,"Rarely; maybe a handful times a month","At random - in cafes; shops and other venues|From people I know|Non-specialized online platforms - Instagram; TikTok; Youtube(videos); etc|Specialized online platforms - Rate Your Music; Pitchfork; Wire; etc|Games; movies; other forms of digital content|Recommendations on streaming platforms",No,Yes,"At parties; when I'm visiting someone; in a car|Online via Spotify Jam|Discord bots and other similar instruments","Often; a couple of times a month","Often; a couple of times a month","Offline; in a car; at someone's place etc","Spotify|Apple Music|Yandex Music",I would use these features rarely,
2842025 7:31:57,18-30 years old,"Streaming platforms - Spotify; Apple Music; Yandex Music and others",Everyday,500-1000,Mostly,"Rarely; maybe a handful times a month",Recommendations on streaming platforms,Yes,"No; I do not feel the need in that",At parties; when I'm visiting someone; in a car,"Very rarely; maybe a couple times a year","Very rarely; maybe a couple times a year","Offline; in a car; at someone's place etc",Yandex Music,I would use these features rarely,
2842025 8:07:41,18-30 years old,"Streaming platforms - Spotify; Apple Music; Yandex Music and others","Often; but not everyday - eg 3-5 days a week",50-100,Mostly,"Rarely; maybe a handful times a month",Recommendations on streaming platforms,Yes,"No; I already have enough people around me with whom I can share the music I like","Concerts; clubs; street performances","Rarely; every one or two months","Rarely; every one or two months","Online; sending links from streaming platforms via messengers|Offline; in a car; at someone's place etc",Spotify,I wouldn't use these features,No
2842025 9:47:27,18-30 years old,"Streaming platforms - Spotify; Apple Music; Yandex Music and others",Everyday,100-500,Yes,"Pretty often; every week or so","At random - in cafes; shops and other venues|From people I know|Non-specialized online platforms - Instagram; TikTok; Youtube(videos); etc",Yes,Yes,"At parties; when I'm visiting someone; in a car|Concerts; clubs; street performances|At work","Often; a couple of times a month","Often; a couple of times a month","Online; sending links from streaming platforms via messengers|Offline; in a car; at someone's place etc","Spotify|Youtube Music",I would use these features rarely,No
2842025 10:00:48,18-30 years old,"Streaming platforms - Spotify; Apple Music; Yandex Music and others",Everyday,50-100,Mostly,"Pretty often; every week or so",Recommendations on streaming platforms,No,"No; I do not feel the need in that","At parties; when I'm visiting someone; in a car|Concerts; clubs; street performances","Rarely; every one or two months","Very rarely; maybe a couple times a year","Offline; in a car; at someone's place etc","Yandex Music|VK Music",I wouldn't use these features,Notifications about new songs of favourite artists
2842025 10:13:51,18-30 years old,"Streaming platforms - Spotify; Apple Music; Yandex Music and others",Everyday,500-1000,Mostly,"Rarely; maybe a handful times a month","At random - in cafes; shops and other venues|From people I know|Non-specialized online platforms - Instagram; TikTok; Youtube(videos); etc|Recommendations on streaming platforms",No,Yes,"At parties; when I'm visiting someone; in a car|Online via Spotify Jam|Discord bots and other similar instruments","Rarely; every one or two months","Very rarely; maybe a couple times a year","Offline; in a car; at someone's place etc","Spotify|Youtube Music",I wouldn't use these features,No
2842025 10:20:22,18-30 years old,"Streaming platforms - Spotify; Apple Music; Yandex Music and others",Everyday,50-100,Mostly,"Pretty often; every week or so","Specialized online platforms - Rate Your Music; Pitchfork; Wire; etc|Recommendations on streaming platforms",Yes,"No; I already have enough people around me with whom I can share the music I like","At parties; when I'm visiting someone; in a car|Online via Spotify Jam|Discord bots and other similar instruments|Concerts; clubs; street performances","Very often; every week or so","Very often; every week or so","Online; sending links from streaming platforms via messengers|Offline; in a car; at someone's place etc","Apple Music|SoundCloud",I would use these features often,
2842025 16:58:08,18-30 years old,"Streaming platforms - Spotify; Apple Music; Yandex Music and others","Often; but not everyday - eg 3-5 days a week",50-100,Mostly,"Pretty often; every week or so","Non-specialized online platforms - Instagram; TikTok; Youtube(videos); etc|Recommendations on streaming platforms",Yes,"No; I already have enough people around me with whom I can share the music I like","Online via Spotify Jam|Discord bots and other similar instruments","Rarely; every one or two months","Often; a couple of times a month","Online; sending links from streaming platforms via messengers",Spotify,I would use these features rarely,
2842025 16:59:02,18-30 years old,"Streaming platforms - Spotify; Apple Music; Yandex Music and others|Downloaded files",Everyday,50-100,Yes,"Rarely; maybe a handful times a month","From people I know|Non-specialized online platforms - Instagram; TikTok; Youtube(videos); etc|Games; movies; other forms of digital content|Radio at home",No,"No; I do not feel the need in that",Radio at home,"Often; a couple of times a month","Rarely; every one or two months","Online; sending links from streaming platforms via messengers",Youtube Music,I wouldn't use these features,
2842025 17:10:52,18-30 years old,"Streaming platforms - Spotify; Apple Music; Yandex Music and others",Everyday,500-1000,Mostly,"Pretty often; every week or so","At random - in cafes; shops and other venues|From people I know",No,Yes,At parties; when I'm visiting someone; in a car,"Rarely; every one or two months","Often; a couple of times a month","Offline; in a car; at someone's place etc","Youtube Music|Youtube (there are often different demo or unreleased versions of songs I am interested in)",I would use these features rarely,"Considering an album (LP); I would like to rate individual songs and album itself; and share the rating with others And I could see ratings of other people"
2842025 19:47:38,18-30 years old,"Streaming platforms - Spotify; Apple Music; Yandex Music and others",Once or twice a week at most,"100-500|50-100",Mostly,"Pretty often; every week or so","At random - in cafes; shops and other venues|From people I know|Games; movies; other forms of digital content|Recommendations on streaming platforms",No,Yes,"At parties; when I'm visiting someone; in a car|Concerts; clubs; street performances|At work","Very rarely; maybe a couple times a year","Very rarely; maybe a couple times a year","Online; sending links from streaming platforms via messengers","Yandex Music|Youtube Music",I would use these features rarely,There is not
2942025 5:24:04,30-60 years old,"Streaming platforms - Spotify; Apple Music; Yandex Music and others",Everyday,50-100,Yes,"Often; a couple of times a week",,Yes,Yes,At work,"Very often; every week or so","Rarely; every one or two months","Online; sending links from streaming platforms via messengers",Yandex Music,,
2942025 11:30:14,30-60 years old,"Streaming platforms - Spotify; Apple Music; Yandex Music and others|Vinyl; CD discs and other physical media|Downloaded files",Everyday,1000+,Yes,"Pretty often; every week or so","From people I know|Specialized online platforms - Rate Your Music; Pitchfork; Wire; etc|Recommendations on streaming platforms",No,Yes,"At parties; when I'm visiting someone; in a car|At work",Almost every day,"Often; a couple of times a month","Online; sending links from streaming platforms via messengers|Offline; in a car; at someone's place etc|Via sharing the physical media(eg giving a vinyl to a friend for a listen)",Spotify,I would use these features rarely,
3042025 2:18:15,18-30 years old,"Streaming platforms - Spotify; Apple Music; Yandex Music and others","Often; but not everyday - eg 3-5 days a week",50-100,Mostly,"Rarely; maybe a handful times a month","At random - in cafes; shops and other venues|Games; movies; other forms of digital content|Recommendations on streaming platforms|Listening to new releases of artists I like",No,Yes,"At parties; when I'm visiting someone; in a car|Concerts; clubs; street performances","Rarely; every one or two months","Rarely; every one or two months","Online; sending links from streaming platforms via messengers|Offline; in a car; at someone's place etc","Spotify|Apple Music|Youtube Music",I wouldn't use these features,
3042025 7:50:50,0-18 years old,"Streaming platforms - Spotify; Apple Music; Yandex Music and others",Everyday,1000+,Mostly,"Rarely; maybe a handful times a month","From people I know|Non-specialized online platforms - Instagram; TikTok; Youtube(videos); etc|Buying new physical releases(vinyl; cds )|Recommendations on streaming platforms",No,Yes,"At parties; when I'm visiting someone; in a car|Concerts; clubs; street performances","Often; a couple of times a month",Almost every day,"Online; sending links from streaming platforms via messengers|Offline; in a car; at someone's place etc|Via sharing the physical media(eg giving a vinyl to a friend for a listen)","Spotify|Yandex Music|Youtube Music",I would use these features rarely,
3042025 8:13:06,0-18 years old,"Streaming platforms - Spotify; Apple Music; Yandex Music and others",Everyday,100-500,Yes,"Rarely; maybe a handful times a month","Non-specialized online platforms - Instagram; TikTok; Youtube(videos); etc",Yes,Yes,"Online via Spotify Jam|Discord bots and other similar instruments","Rarely; every one or two months","Rarely; every one or two months","Online; sending links from streaming platforms via messengers","Yandex Music|VK Music",I would use these features rarely,
3042025 8:30:02,0-18 years old,"Streaming platforms - Spotify; Apple Music; Yandex Music and others|Downloaded files",Everyday,10-50,Rather no than yes,"Pretty often; every week or so","At random - in cafes; shops and other venues|Non-specialized online platforms - Instagram; TikTok; Youtube(videos); etc|Games; movies; other forms of digital content",No,Yes,"At parties; when I'm visiting someone; in a car|Online via Spotify Jam|Discord bots and other similar instruments","Often; a couple of times a month","Very rarely; maybe a couple times a year","Online; sending links from streaming platforms via messengers",Yandex Music,I would use these features rarely,
3042025 8:31:06,0-18 years old,"Streaming platforms - Spotify; Apple Music; Yandex Music and others",Everyday,500-1000,Rather no than yes,"Pretty often; every week or so",Recommendations on streaming platforms,No,I'm afraid of people,At parties; when I'm visiting someone; in a car,"Rarely; every one or two months","Often; a couple of times a month","Online; sending links from streaming platforms via messengers","Spotify|VK Music",I would use these features rarely,I dunno
3042025 8:33:48,0-18 years old,"Streaming platforms - Spotify; Apple Music; Yandex Music and others",Everyday,500-1000,Mostly,"Pretty often; every week or so","From people I know|Non-specialized online platforms - Instagram; TikTok; Youtube(videos); etc",No,"No; I already have enough people around me with whom I can share the music I like",At parties; when I'm visiting someone; in a car,"Very often; every week or so","Very rarely; maybe a couple times a year","Offline; in a car; at someone's place etc","Apple Music|Yandex Music",I would use these features often,
3042025 8:39:43,0-18 years old,"Streaming platforms - Spotify; Apple Music; Yandex Music and others",Everyday,500-1000,Mostly,"Rarely; maybe a handful times a month","Non-specialized online platforms - Instagram; TikTok; Youtube(videos); etc",No,Yes,At parties; when I'm visiting someone; in a car,"Very often; every week or so","Rarely; every one or two months","Offline; in a car; at someone's place etc","Spotify|Yandex Music|VK Music|SoundCloud",I would use these features rarely,no
3042025 8:41:10,0-18 years old,"Streaming platforms - Spotify; Apple Music; Yandex Music and others|Downloaded files","Once or twice a week at most|Only on special occasions",Less than 10,Yes,"Rarely; maybe a handful times a month","At random - in cafes; shops and other venues|Non-specialized online platforms - Instagram; TikTok; Youtube(videos); etc|Games; movies; other forms of digital content|Recommendations on streaming platforms",No,Yes,"Online via Spotify Jam|Discord bots and other similar instruments","Very rarely; maybe a couple times a year","Often; a couple of times a month","Online; sending links from streaming platforms via messengers","Youtube Music|NewPipe|YT Revanced",I would use these features rarely,
3042025 8:41:48,0-18 years old,"Streaming platforms - Spotify; Apple Music; Yandex Music and others",Everyday,1000+,No,Every or almost every day,"At random - in cafes; shops and other venues|Non-specialized online platforms - Instagram; TikTok; Youtube(videos); etc",No,Yes,"At parties; when I'm visiting someone; in a car|Concerts; clubs; street performances","Very often; every week or so","Very often; every week or so","Offline; in a car; at someone's place etc","Apple Music|Yandex Music",I wouldn't use these features,
3042025 8:43:08,0-18 years old,"Streaming platforms - Spotify; Apple Music; Yandex Music and others",Everyday,500-1000,Mostly,"Rarely; maybe a handful times a month","At random - in cafes; shops and other venues|From people I know|Non-specialized online platforms - Instagram; TikTok; Youtube(videos); etc",Yes,"No; I do not feel the need in that","Concerts; clubs; street performances|At work","Very rarely; maybe a couple times a year","Rarely; every one or two months","Offline; in a car; at someone's place etc",Spotify,I wouldn't use these features,Nothing
3042025 8:43:22,0-18 years old,"Streaming platforms - Spotify; Apple Music; Yandex Music and others",Everyday,1000+,Mostly,"Pretty often; every week or so","Non-specialized online platforms - Instagram; TikTok; Youtube(videos); etc",Yes,"No; I already have enough people around me with whom I can share the music I like","Concerts; clubs; street performances","Rarely; every one or two months","Very rarely; maybe a couple times a year","Online; sending links from streaming platforms via messengers",VK Music,I would use these features often,
3042025 8:43:36,0-18 years old,"Streaming platforms - Spotify; Apple Music; Yandex Music and others|Vinyl; CD discs and other physical media",Everyday,100-500,Mostly,"Pretty often; every week or so","Non-specialized online platforms - Instagram; TikTok; Youtube(videos); etc|Games; movies; other forms of digital content",Yes,"No; I already have enough people around me with whom I can share the music I like","Concerts; clubs; street performances","Often; a couple of times a month",Almost every day,"Online; sending links from streaming platforms via messengers",Apple Music,I would use these features rarely,No
3042025 8:44:28,0-18 years old,"Streaming platforms - Spotify; Apple Music; Yandex Music and others",Everyday,1000+,Yes,"Often; a couple of times a week","At random - in cafes; shops and other venues|From people I know|Non-specialized online platforms - Instagram; TikTok; Youtube(videos); etc|Specialized online platforms - Rate Your Music; Pitchfork; Wire; etc",Yes,Yes,At parties; when I'm visiting someone; in a car,"Very often; every week or so","Rarely; every one or two months","Offline; in a car; at someone's place etc",Apple Music,I would use these features rarely,"No; that is enough "
3042025 8:44:37,0-18 years old,"Streaming platforms - Spotify; Apple Music; Yandex Music and others",Everyday,1000+,Mostly,"Often; a couple of times a week","At random - in cafes; shops and other venues|From people I know|Non-specialized online platforms - Instagram; TikTok; Youtube(videos); etc|Games; movies; other forms of digital content",No,"No; I already have enough people around me with whom I can share the music I like",At parties; when I'm visiting someone; in a car,"Very often; every week or so","Rarely; every one or two months","Offline; in a car; at someone's place etc","Apple Music|Yandex Music",I would use these features rarely,idk
3042025 8:45:04,0-18 years old,"Streaming platforms - Spotify; Apple Music; Yandex Music and others|Downloaded files",Everyday,1000+,Mostly,"Pretty often; every week or so","At random - in cafes; shops and other venues|From people I know|Non-specialized online platforms - Instagram; TikTok; Youtube(videos); etc|Specialized online platforms - Rate Your Music; Pitchfork; Wire; etc|Games; movies; other forms of digital content|Recommendations on streaming platforms",Yes,Yes,"At parties; when I'm visiting someone; in a car|Online via Spotify Jam|Discord bots and other similar instruments","Often; a couple of times a month","Rarely; every one or two months","Online; sending links from streaming platforms via messengers|Offline; in a car; at someone's place etc","Yandex Music|Youtube Music",I would use these features often,42
3042025 8:45:26,0-18 years old,"Streaming platforms - Spotify; Apple Music; Yandex Music and others","Often; but not everyday - eg 3-5 days a week",100-500,Yes,"Pretty often; every week or so","Non-specialized online platforms - Instagram; TikTok; Youtube(videos); etc|Games; movies; other forms of digital content",Yes,Yes,At parties; when I'm visiting someone; in a car,"Often; a couple of times a month",Almost every day,"Online; sending links from streaming platforms via messengers","Apple Music|SoundCloud",I wouldn't use these features,No
3042025 8:45:52,0-18 years old,"Streaming platforms - Spotify; Apple Music; Yandex Music and others",Everyday,500-1000,Mostly,"Often; a couple of times a week",Recommendations on streaming platforms,Yes,Yes,"At parties; when I'm visiting someone; in a car|Online via Spotify Jam|Discord bots and other similar instruments|Concerts; clubs; street performances","Often; a couple of times a month","Often; a couple of times a month","Online; sending links from streaming platforms via messengers|Offline; in a car; at someone's place etc|Via sharing the physical media(eg giving a vinyl to a friend for a listen)","Apple Music|Yandex Music",I wouldn't use these features,I would like to see more old music
3042025 8:46:22,0-18 years old,"Streaming platforms - Spotify; Apple Music; Yandex Music and others","Often; but not everyday - eg 3-5 days a week",100-500,Mostly,"Rarely; maybe a handful times a month","At random - in cafes; shops and other venues|From people I know|Non-specialized online platforms - Instagram; TikTok; Youtube(videos); etc",Yes,"No; I already have enough people around me with whom I can share the music I like",At parties; when I'm visiting someone; in a car,"Often; a couple of times a month","Often; a couple of times a month","Online; sending links from streaming platforms via messengers|Offline; in a car; at someone's place etc|Via sharing the physical media(eg giving a vinyl to a friend for a listen)","Yandex Music|SoundCloud",I wouldn't use these features,"I think; no"
3042025 8:46:25,0-18 years old,"Streaming platforms - Spotify; Apple Music; Yandex Music and others",Everyday,500-1000,Rather no than yes,"Rarely; maybe a handful times a month","Non-specialized online platforms - Instagram; TikTok; Youtube(videos); etc|Games; movies; other forms of digital content|Recommendations on streaming platforms",Yes,Yes,"At parties; when I'm visiting someone; in a car|At work","Often; a couple of times a month","Very often; every week or so","Online; sending links from streaming platforms via messengers|Offline; in a car; at someone's place etc",Yandex Music,I would use these features often,Idk
152025 11:16:46,30-60 years old,"Streaming platforms - Spotify; Apple Music; Yandex Music and others|Downloaded files","Often; but not everyday - eg 3-5 days a week",1000+,Rather no than yes,"Often; a couple of times a week","From people I know|Specialized online platforms - Rate Your Music; Pitchfork; Wire; etc|Recommendations on streaming platforms",No,"No; I do not feel the need in that","At parties; when I'm visiting someone; in a car|At work",Almost every day,"Often; a couple of times a month","Online; sending links from streaming platforms via messengers|Offline; in a car; at someone's place etc","Spotify|Bandcamp",I would use these features often,
152025 11:18:09,18-30 years old,"Streaming platforms - Spotify; Apple Music; Yandex Music and others",Everyday,1000+,Rather no than yes,Every or almost every day,"At random - in cafes; shops and other venues|From people I know|Non-specialized online platforms - Instagram; TikTok; Youtube(videos); etc|Specialized online platforms - Rate Your Music; Pitchfork; Wire; etc|Games; movies; other forms of digital content|Recommendations on streaming platforms",No,Yes,"At parties; when I'm visiting someone; in a car|Online via Spotify Jam|Discord bots and other similar instruments|Concerts; clubs; street performances","Very often; every week or so","Very often; every week or so","Online; sending links from streaming platforms via messengers|Offline; in a car; at someone's place etc","Spotify|SoundCloud|Youtube",I would use these features often,
352025 12:07:08,30-60 years old,"Streaming platforms - Spotify; Apple Music; Yandex Music and others","Often; but not everyday - eg 3-5 days a week",500-1000,Mostly,"Often; a couple of times a week","From people I know|Specialized online platforms - Rate Your Music; Pitchfork; Wire; etc|Recommendations on streaming platforms",No,"No; I do not feel the need in that","At parties; when I'm visiting someone; in a car|Concerts; clubs; street performances|At work","Often; a couple of times a month","Often; a couple of times a month","Online; sending links from streaming platforms via messengers|Offline; in a car; at someone's place etc",Spotify,I would use these features often,
352025 12:09:06,0-18 years old,"Streaming platforms - Spotify; Apple Music; Yandex Music and others",Everyday,1000+,Rather no than yes,Every or almost every day,"At random - in cafes; shops and other venues|From people I know|Non-specialized online platforms - Instagram; TikTok; Youtube(videos); etc|Games; movies; other forms of digital content|Recommendations on streaming platforms",Yes,Yes,"At parties; when I'm visiting someone; in a car|Online via Spotify Jam|Discord bots and other similar instruments|Concerts; clubs; street performances","Very often; every week or so","Very often; every week or so","Online; sending links from streaming platforms via messengers|Offline; in a car; at someone's place etc","Spotify|SoundCloud|YouTube(not youtube music; but regular youtube)",I would use these features often,"better sorting based on genre|mood and all that stuff"